Categoría,Nombre del Curso,Plataforma,Certificado,Sitio Web
Tecnología y Programación,Introducción a Python,Coursera,Sí (pago),coursera.org
Tecnología y Programación,Desarrollo Web HTML/CSS/JavaScript,edX,Sí (pago),edx.org
Tecnología y Programación,Curso Gratis de Programación Básica,Platzi,Gratis,platzi.com
Tecnología y Programación,Fundamentos de Programación,Edutin,Sí (pago),edutin.com
Tecnología y Programación,Programación con JavaScript,Khan Academy,No,khanacademy.org
Tecnología y Programación,Introducción a la Ciberseguridad,SENCE Chile,Sí,sence.gob.cl
Tecnología y Programación,Inteligencia Artificial para principiantes,Google Actívate,Sí,google.com/activate
Tecnología y Programación,Cloud Computing AWS,edX,Sí (pago),edx.org
Marketing y Negocios,Marketing Digital,Google Actívate,Sí,google.com/activate
Marketing y Negocios,Fundamentos de Marketing,Coursera,Sí (pago),coursera.org
Marketing y Negocios,SEO y SEM,Udemy,Según curso,udemy.com
Marketing y Negocios,Redes Sociales para empresas,LinkedIn Learning,Sí,linkedin.com/learning
Marketing y Negocios,E-commerce y ventas online,Chile Converge,Sí,chileconverge.cl
Marketing y Negocios,Gestión de Proyectos Agile,edX,Sí (pago),edx.org
Marketing y Negocios,Emprendimiento,SERCOTEC,Sí,sercotec.cl
Idiomas,Inglés para principiantes,Alison,Sí (pago),alison.com
Idiomas,Inglés de negocios,Coursera,Sí (pago),coursera.org
Idiomas,Francés básico,Alison,Sí (pago),alison.com
Idiomas,Español para extranjeros,edX,Sí (pago),edx.org
Idiomas,Alemán básico,Alison,Sí (pago),alison.com
Idiomas,Inglés online,SENCE Chile,Sí,sence.gob.cl
Diseño y Creatividad,Diseño Gráfico con Photoshop,Udemy,Según curso,udemy.com
Diseño y Creatividad,Diseño UX/UI,Coursera,Sí (pago),coursera.org
Diseño y Creatividad,Edición de Video,Udemy,Según curso,udemy.com
Diseño y Creatividad,Fotografía Digital,Alison,Sí (pago),alison.com
Diseño y Creatividad,Ilustración y dibujo digital,Domestika,Sí (pago),domestika.org
Desarrollo Personal,Gestión del Tiempo,Coursera,Sí (pago),coursera.org
Desarrollo Personal,Liderazgo y Comunicación,LinkedIn Learning,Sí,linkedin.com/learning
Desarrollo Personal,Productividad Personal,Udemy,Según curso,udemy.com
Desarrollo Personal,Inteligencia Emocional,Alison,Sí (pago),alison.com
Desarrollo Personal,Mindfulness y meditación,AprenderGratis,Según curso,aprendergratis.es
Administración y Finanzas,Contabilidad Básica,Edutin,Sí (pago),edutin.com
Administración y Finanzas,Finanzas Personales,SERCOTEC,Sí,sercotec.cl
Administración y Finanzas,Excel Básico a Avanzado,Udemy,Según curso,udemy.com
Administración y Finanzas,Recursos Humanos,Iplacex,Sí,iplacex.cl
Administración y Finanzas,Administración de Empresas,Coursera,Sí (pago),coursera.org
