Plataforma,Descripción,Certificado,Idioma,Áreas Destacadas
Google Actívate,"Cursos gratuitos de Google en marketing digital, desarrollo profesional, IA y más",Gratuito,Español,"Marketing Digital, IA, Datos"
Coursera,"Cursos de universidades top como Stanford, Yale, MIT",Pago (~$49),Español/Inglés,"Python, Data Science, Negocios"
edX,"Plataforma de Harvard, MIT y más de 5 millones de estudiantes",Pago (~$50-100),Español/Inglés,"Ciencias, Programación, Ingeniería"
Udemy,"35+ millones de usuarios, más de 100 mil cursos",Variable (gratis o pago),Múltiples,Todo tipo de temas
Edutin,"6,000+ cursos gratuitos en español con certificado",Pago ajustado al país,Español,"Programación, Negocios, Salud"
Khan Academy,Enfoque educativo con videos y ejercicios prácticos,No,Español/Inglés,"Matemáticas, Ciencias, Economía"
Cursa,"4,000+ cursos 100% gratuitos con certificado digital gratis",Gratuito,Español,"Videos, audiolibros, ejercicios"
Platzi,"Especializada en tecnología y negocios, contenido en español",Gratis para ciertos cursos,Español,"Desarrollo Web, Startups"
LinkedIn Learning,Cursos profesionales con certificado gratuito,Gratuito,Español,"Liderazgo, Diseño, Gestión"
Alison,"6,000+ cursos gratuitos, 50+ millones de estudiantes",Pago certificado CPD,Español/Inglés,"IT, Salud, Idiomas, Negocios"
SENCE Chile,Cursos gratuitos del gobierno de Chile para empleabilidad,Gratuito,Español,"Programación, Ciberseguridad, Inglés"
SERCOTEC,Portal chileno con cursos para emprendedores y pymes,Gratuito,Español,"Emprendimiento, Finanzas, Marketing"
